Name,Formula,∆subH°,group,CO-(O)(CO),CO-(CD)(O),CO-(C)(O),CO-(H)(O),CO-(O)(CB),O-(CO)2 aliphatic,O-(CO)2 aromatic,O-(H)(CO),O-(C)(CB),O-(H)(CB),CD-(H)(CO),CD-(C)(CO),CB-(CO)(CB)2,CB-(O)(CB)2,C-(CO)(C)3,C-(H)(CO)(C)2,C-(H)2(CO)(C) ,C-(H)3(O),C-(H)3(CD),C-(H)3(C),C-(H)3(CB),C-(H)2(C)2,C-(H)(C)3,CD-(H)2,CB-(H)(CB)2,CB-(C)(CB)2,C-(H)2(C)(CB),C-(C)4,CH3(tert),CH3(qua),CB-(CB)3,CO-(C)(N),N-(H)(CO)2,C-(H)3(N),N-(CO)2(C),CO-(CD)(N),CO-(N)(CB),CB-(NO2)(CB)2,C-(H)2(N)(C),CB-(N)(CB)2,N-(CO)2(CB),rsc,radical 1,radical 2,radical 3,radical 4,Correction 1,Correction 2,Correction 3,Correction 4
"2,2-Dimethylpropanoic acid",C5H10O2,73.2,acid,0,0,1,0,0,0,0,1,0,0,0,0,0,0,1,0,0,0,0,3,0,0,0,0,0,0,0,0,0,2,0,0,0,0,0,0,0,0,0,0,0,0,2,2,0,0,0,0,0,0
Benzoic acid,C7H6O2,90,acid,0,0,0,0,1,0,0,1,0,0,0,0,1,0,0,0,0,0,0,0,0,0,0,0,5,0,0,0,0,0,0,0,0,0,0,0,0,0,0,0,0,0,0,0,0,0,0,0,0,0
Salicylic acid,C7H6O3,95.1,acid,0,0,0,0,1,0,0,1,0,1,0,0,1,1,0,0,0,0,0,0,0,0,0,0,4,0,0,0,0,0,0,0,0,0,0,0,0,0,0,0,0,0,2,0,0,0,ortho,0,0,0
2-Methylbenzoic acid,C8H8O2,95.9,acid,0,0,0,0,1,0,0,1,0,0,0,0,1,0,0,0,0,0,0,0,1,0,0,0,4,1,0,0,0,0,0,0,0,0,0,0,0,0,0,0,0,0,2,0,0,0,ortho,0,0,0
3-Methylbenzoic acid,C8H8O2,98.2,acid,0,0,0,0,1,0,0,1,0,0,0,0,1,0,0,0,0,0,0,0,1,0,0,0,4,1,0,0,0,0,0,0,0,0,0,0,0,0,0,0,0,0,3,0,0,0,meta,0,0,0
Oxalic acid,C2H2O4,97.9,acid,2,0,0,0,0,0,0,2,0,0,0,0,0,0,0,0,0,0,0,0,0,0,0,0,0,0,0,0,0,0,0,0,0,0,0,0,0,0,0,0,0,0,0,0,0,0,0,0,0,0
4-Methylbenzoic acid,C8H8O2,98.8,acid,0,0,0,0,1,0,0,1,0,0,0,0,1,0,0,0,0,0,0,0,1,0,0,0,4,1,0,0,0,0,0,0,0,0,0,0,0,0,0,0,0,0,4,0,0,0,para,0,0,0
"2,6-Dimethylbenzoic acid",C9H10O2,99.1,acid,0,0,0,0,1,0,0,1,0,0,0,0,1,0,0,0,0,0,0,0,2,0,0,0,3,2,0,0,0,0,0,0,0,0,0,0,0,0,0,0,0,0,2,6,0,0,ortho,ortho,0,0
"3,5-Dimethylbenzoic acid",C9H10O2,101.9,acid,0,0,0,0,1,0,0,1,0,0,0,0,1,0,0,0,0,0,0,0,2,0,0,0,3,2,0,0,0,0,0,0,0,0,0,0,0,0,0,0,0,0,3,5,0,0,meta,meta,0,0
"2,4-Dimethylbenzoic acid",C9H10O2,103.5,acid,0,0,0,0,1,0,0,1,0,0,0,0,1,0,0,0,0,0,0,0,2,0,0,0,3,2,0,0,0,0,0,0,0,0,0,0,0,0,0,0,0,0,2,4,0,0,ortho,meta,0,0
"2,4,6-Trimethylbenzoic acid",C10H12O2,103.7,acid,0,0,0,0,1,0,0,1,0,0,0,0,1,0,0,0,0,0,0,0,3,0,0,0,2,3,0,0,0,0,0,0,0,0,0,0,0,0,0,0,0,0,2,4,6,0,ortho,para,ortho,0
"3,5-Diethylbenzoic acid",C11H14O2,104.1,acid,0,0,0,0,1,0,0,1,0,0,0,0,1,0,0,0,0,0,0,2,0,0,0,0,3,2,2,0,0,0,0,0,0,0,0,0,0,0,0,0,0,0,3,5,0,0,meta,meta,0,0
"2,3,6-Trimethylbenzoic acid",C10H12O2,104.5,acid,0,0,0,0,1,0,0,1,0,0,0,0,1,0,0,0,0,0,0,0,3,0,0,0,2,3,0,0,0,0,0,0,0,0,0,0,0,0,0,0,0,0,2,3,6,0,ortho,meta,ortho,0
"2,3-Dimethylbenzoic acid",C9H10O2,104.6,acid,0,0,0,0,1,0,0,1,0,0,0,0,1,0,0,0,0,0,0,0,2,0,0,0,3,2,0,0,0,0,0,0,0,0,0,0,0,0,0,0,0,0,2,3,0,0,ortho,meta,0,0
"2,5-Dimethylbenzoic acid",C9H10O2,105,acid,0,0,0,0,1,0,0,1,0,0,0,0,1,0,0,0,0,0,0,0,2,0,0,0,3,2,0,0,0,0,0,0,0,0,0,0,0,0,0,0,0,0,2,5,0,0,ortho,meta,0,0
"2,3,5,6-Tetramethylbenzoic acid",C11H14O2,106,acid,0,0,0,0,1,0,0,1,0,0,0,0,1,0,0,0,0,0,0,0,4,0,0,0,1,4,0,0,0,0,0,0,0,0,0,0,0,0,0,0,0,0,2,3,5,6,ortho,meta,meta,ortho
"3,4-Dimethylbenzoic acid",C9H10O2,106.4,acid,0,0,0,0,1,0,0,1,0,0,0,0,1,0,0,0,0,0,0,0,2,0,0,0,3,2,0,0,0,0,0,0,0,0,0,0,0,0,0,0,0,0,3,4,0,0,meta,para,0,0
"2,3,5-Trimethylbenzoic acid",C10H12O2,106.5,acid,0,0,0,0,1,0,0,1,0,0,0,0,1,0,0,0,0,0,0,0,3,0,0,0,2,3,0,0,0,0,0,0,0,0,0,0,0,0,0,0,0,0,2,3,5,0,ortho,meta,meta,0
"2,3,4-Trimethylbenzoic acid",C10H12O2,109.3,acid,0,0,0,0,1,0,0,1,0,0,0,0,1,0,0,0,0,0,0,0,3,0,0,0,2,3,0,0,0,0,0,0,0,0,0,0,0,0,0,0,0,0,2,3,4,0,ortho,meta,para,0
"2,4,5-Trimethylbenzoic acid",C10H12O2,109.5,acid,0,0,0,0,1,0,0,1,0,0,0,0,1,0,0,0,0,0,0,0,3,0,0,0,2,3,0,0,0,0,0,0,0,0,0,0,0,0,0,0,0,0,2,4,5,0,ortho,para,meta,0
"2,3,4,6-Tetramethylbenzoic acid",C11H14O2,109.6,acid,0,0,0,0,1,0,0,1,0,0,0,0,1,0,0,0,0,0,0,0,4,0,0,0,1,4,0,0,0,0,0,0,0,0,0,0,0,0,0,0,0,0,2,3,4,6,ortho,meta,para,ortho
2-Methoxybenzoic acid,C8H8O3,104.7,acid,0,0,0,0,1,0,0,1,1,0,0,0,1,1,0,0,0,1,0,0,0,0,0,0,4,0,0,0,0,0,0,0,0,0,0,0,0,0,0,0,0,0,2,0,0,0,ortho,0,0,0
"3,4,5-Trimethylbenzoic acid",C10H12O2,111.1,acid,0,0,0,0,1,0,0,1,0,0,0,0,1,0,0,0,0,0,0,0,3,0,0,0,2,3,0,0,0,0,0,0,0,0,0,0,0,0,0,0,0,0,3,4,5,0,meta,para,meta,0
4-Methoxybenzoic acid,C8H8O3,109.8,acid,0,0,0,0,1,0,0,1,1,0,0,0,1,1,0,0,0,1,0,0,0,0,0,0,4,0,0,0,0,0,0,0,0,0,0,0,0,0,0,0,0,0,4,0,0,0,para,0,0,0
3-Methoxybenzoic acid,C8H8O3,107.4,acid,0,0,0,0,1,0,0,1,1,0,0,0,1,1,0,0,0,1,0,0,0,0,0,0,4,0,0,0,0,0,0,0,0,0,0,0,0,0,0,0,0,0,3,0,0,0,meta,0,0,0
"2,3,4,5-Tetramethylbenzoic acid",C11H14O2,115.7,acid,0,0,0,0,1,0,0,1,0,0,0,0,1,0,0,0,0,0,0,0,4,0,0,0,1,4,0,0,0,0,0,0,0,0,0,0,0,0,0,0,0,0,2,3,4,5,ortho,meta,para,meta
Glutaric acid,C5H8O4,122.9,acid,0,0,2,0,0,0,0,2,0,0,0,0,0,0,0,0,2,0,0,0,0,1,0,0,0,0,0,0,0,0,0,0,0,0,0,0,0,0,0,0,0,0,0,0,0,0,0,0,0,0
Undecanoic acid,C11H22O2,121.3,acid,0,0,1,0,0,0,0,1,0,0,0,0,0,0,0,0,1,0,0,1,0,8,0,0,0,0,0,0,0,0,0,0,0,0,0,0,0,0,0,0,0,0,0,0,0,0,0,0,0,0
Succinic acid,C4H6O4,117.4,acid,0,0,2,0,0,0,0,2,0,0,0,0,0,0,0,0,2,0,0,0,0,0,0,0,0,0,0,0,0,0,0,0,0,0,0,0,0,0,0,0,0,0,0,0,0,0,0,0,0,0
Phthalic acid,C8H6O4,129.8,acid,0,0,0,0,2,0,0,2,0,0,0,0,2,0,0,0,0,0,0,0,0,0,0,0,4,0,0,0,0,0,0,0,0,0,0,0,0,0,0,0,0,0,2,0,0,0,ortho,0,0,0
Decanoic acid,C10H20O2,118.8,acid,0,0,1,0,0,0,0,1,0,0,0,0,0,0,0,0,1,0,0,1,0,7,0,0,0,0,0,0,0,0,0,0,0,0,0,0,0,0,0,0,0,0,0,0,0,0,0,0,0,0
Adipic acid,C6H10O4,129.3,acid,0,0,2,0,0,0,0,2,0,0,0,0,0,0,0,0,2,0,0,0,0,2,0,0,0,0,0,0,0,0,0,0,0,0,0,0,0,0,0,0,0,0,0,0,0,0,0,0,0,0
Pimelic acid,C7H12O4,139.9,acid,0,0,2,0,0,0,0,2,0,0,0,0,0,0,0,0,2,0,0,0,0,3,0,0,0,0,0,0,0,0,0,0,0,0,0,0,0,0,0,0,0,0,0,0,0,0,0,0,0,0
Tridecanoic acid,C13H26O2,146.4,acid,0,0,1,0,0,0,0,1,0,0,0,0,0,0,0,0,1,0,0,1,0,10,0,0,0,0,0,0,0,0,0,0,0,0,0,0,0,0,0,0,0,0,0,0,0,0,0,0,0,0
Isophthalic acid,C8H6O4,142,acid,0,0,0,0,2,0,0,2,0,0,0,0,2,0,0,0,0,0,0,0,0,0,0,0,4,0,0,0,0,0,0,0,0,0,0,0,0,0,0,0,0,0,3,0,0,0,meta,0,0,0
Terephthalic acid,C8H6O4,146.6,acid,0,0,0,0,2,0,0,2,0,0,0,0,2,0,0,0,0,0,0,0,0,0,0,0,4,0,0,0,0,0,0,0,0,0,0,0,0,0,0,0,0,0,4,0,0,0,para,0,0,0
Dodecanoic acid,C12H24O2,132.6,acid,0,0,1,0,0,0,0,1,0,0,0,0,0,0,0,0,1,0,0,1,0,9,0,0,0,0,0,0,0,0,0,0,0,0,0,0,0,0,0,0,0,0,0,0,0,0,0,0,0,0
4-Methylphthalic acid,C9H8O4,147.2,acid,0,0,0,0,2,0,0,2,0,0,0,0,2,0,0,0,0,0,0,0,1,0,0,0,3,1,0,0,0,0,0,0,0,0,0,0,0,0,0,0,0,0,2,4,0,0,ortho,para,0,0
Suberic acid,C8H14O4,143.1,acid,0,0,2,0,0,0,0,2,0,0,0,0,0,0,0,0,2,0,0,0,0,4,0,0,0,0,0,0,0,0,0,0,0,0,0,0,0,0,0,0,0,0,0,0,0,0,0,0,0,0
Dodecanedioic acid,C12H22O4,169,acid,0,0,2,0,0,0,0,2,0,0,0,0,0,0,0,0,2,0,0,0,0,8,0,0,0,0,0,0,0,0,0,0,0,0,0,0,0,0,0,0,0,0,0,0,0,0,0,0,0,0
Pentadecanoic acid,C15H30O2,162.7,acid,0,0,1,0,0,0,0,1,0,0,0,0,0,0,0,0,1,0,0,1,0,12,0,0,0,0,0,0,0,0,0,0,0,0,0,0,0,0,0,0,0,0,0,0,0,0,0,0,0,0
Azelaic acid,C9H16O4,159.9,acid,0,0,2,0,0,0,0,2,0,0,0,0,0,0,0,0,2,0,0,0,0,5,0,0,0,0,0,0,0,0,0,0,0,0,0,0,0,0,0,0,0,0,0,0,0,0,0,0,0,0
Sebacic acid,C10H18O4,161,acid,0,0,2,0,0,0,0,2,0,0,0,0,0,0,0,0,2,0,0,0,0,6,0,0,0,0,0,0,0,0,0,0,0,0,0,0,0,0,0,0,0,0,0,0,0,0,0,0,0,0
Undecanedioic acid,C11H20O4,162.5,acid,0,0,2,0,0,0,0,2,0,0,0,0,0,0,0,0,2,0,0,0,0,7,0,0,0,0,0,0,0,0,0,0,0,0,0,0,0,0,0,0,0,0,0,0,0,0,0,0,0,0
Tetradecanoic acid,C14H28O2,139.7,acid,0,0,1,0,0,0,0,1,0,0,0,0,0,0,0,0,1,0,0,1,0,11,0,0,0,0,0,0,0,0,0,0,0,0,0,0,0,0,0,0,0,0,0,0,0,0,0,0,0,0
Nonadecanoic acid,C19H38O2,192,acid,0,0,1,0,0,0,0,1,0,0,0,0,0,0,0,0,1,0,0,1,0,16,0,0,0,0,0,0,0,0,0,0,0,0,0,0,0,0,0,0,0,0,0,0,0,0,0,0,0,0
Hexadecanoic acid,C16H32O2,154.5,acid,0,0,1,0,0,0,0,1,0,0,0,0,0,0,0,0,1,0,0,1,0,13,0,0,0,0,0,0,0,0,0,0,0,0,0,0,0,0,0,0,0,0,0,0,0,0,0,0,0,0
Eicosanoic acid,C20H40O2,199.5,acid,0,0,1,0,0,0,0,1,0,0,0,0,0,0,0,0,1,0,0,1,0,17,0,0,0,0,0,0,0,0,0,0,0,0,0,0,0,0,0,0,0,0,0,0,0,0,0,0,0,0
Octadecanoic acid,C18H36O2,166.8,acid,0,0,1,0,0,0,0,1,0,0,0,0,0,0,0,0,1,0,0,1,0,15,0,0,0,0,0,0,0,0,0,0,0,0,0,0,0,0,0,0,0,0,0,0,0,0,0,0,0,0
Methylsuccinic anhydride ,C5H6O3,75.2,anhydride,0,0,2,0,0,1,0,0,0,0,0,0,0,0,0,1,1,0,0,1,0,0,0,0,0,0,0,0,1,0,0,0,0,0,0,0,0,0,0,0,0,1,3,0,0,0,0,0,0,0
"2,2-Dimethylsuccinic anhydride",C6H8O3,69.8,anhydride,0,0,2,0,0,1,0,0,0,0,0,0,0,0,1,0,1,0,0,2,0,0,0,0,0,0,0,0,0,2,0,0,0,0,0,0,0,0,0,0,0,1,2,2,0,0,0,0,0,0
Maleic anhydride,C4H2O3,70,anhydride,0,2,0,0,0,1,0,0,0,0,2,0,0,0,0,0,0,0,0,0,0,0,0,0,0,0,0,0,0,0,0,0,0,0,0,0,0,0,0,0,0,1,0,0,0,0,0,0,0,0
Succinic anhydride,C4H4O3,80.7,anhydride,0,0,2,0,0,1,0,0,0,0,0,0,0,0,0,0,2,0,0,0,0,0,0,0,0,0,0,0,0,0,0,0,0,0,0,0,0,0,0,0,0,1,0,0,0,0,0,0,0,0
3-Methylglutaric anhydride,C6H8O3,81.9,anhydride,0,0,2,0,0,1,0,0,0,0,0,0,0,0,0,0,2,0,0,1,0,0,1,0,0,0,0,0,1,0,0,0,0,0,0,0,0,0,0,0,0,1,3,0,0,0,0,0,0,0
Glutaric anhydride,C5H6O3,86.1,anhydride,0,0,2,0,0,1,0,0,0,0,0,0,0,0,0,0,2,0,0,0,0,1,0,0,0,0,0,0,0,0,0,0,0,0,0,0,0,0,0,0,0,1,0,0,0,0,0,0,0,0
phthalic anhydride,C8H4O3,88.7,anhydride,0,0,0,0,2,0,1,0,0,0,0,0,2,0,0,0,0,0,0,0,0,0,0,0,4,0,0,0,0,0,0,0,0,0,0,0,0,0,0,0,0,1,0,0,0,0,0,0,0,0
Benzoic anhydride,C14H10O3,96.2,anhydride,0,0,0,0,2,0,1,0,0,0,0,0,2,0,0,0,0,0,0,0,0,0,0,0,10,0,0,0,0,0,0,0,0,0,0,0,0,0,0,0,0,0,0,0,0,0,0,0,0,0
"3,3-tetramethyleneglutaric anhydride",C9H12O3,96.4,anhydride,0,0,2,0,0,0,0,2,0,0,0,0,0,0,0,0,2,0,0,0,0,4,0,0,0,0,0,1,0,0,0,0,0,0,0,0,0,0,0,0,0,2,0,0,0,0,0,0,0,0
3-Hydroxyphthalic anhydride ,C8H4O4,104.2,anhydride,0,0,0,0,2,0,1,0,0,1,0,0,2,1,0,0,0,0,0,0,0,0,0,0,3,0,0,0,0,0,0,0,0,0,0,0,0,0,0,0,0,1,2,0,0,0,ortho,0,0,0
Trimelitic anhydride,C9H4O5,118.6,anhydride,0,0,0,0,3,0,1,1,0,0,0,0,3,0,0,0,0,0,0,0,0,0,0,0,3,0,0,0,0,0,0,0,0,0,0,0,0,0,0,0,0,1,3,0,0,0,meta,0,0,0
N-methylmaleimide,C5H5NO2,73.3,imide,0,0,0,0,0,0,0,0,0,0,2,0,0,0,0,0,0,0,0,0,0,0,0,0,0,0,0,0,0,0,0,0,0,1,1,2,0,0,0,0,0,1,0,0,0,0,0,0,0,0
N-methylsuccinimide ,C5H7NO2,80.1,imide,0,0,0,0,0,0,0,0,0,0,0,0,0,0,0,0,2,0,0,0,0,0,0,0,0,0,0,0,0,0,0,2,0,1,1,0,0,0,0,0,0,1,0,0,0,0,0,0,0,0
Succinimide,C4H5NO2,83.6,imide,0,0,0,0,0,0,0,0,0,0,0,0,0,0,0,0,2,0,0,0,0,0,0,0,0,0,0,0,0,0,0,2,1,0,0,0,0,0,0,0,0,1,0,0,0,0,0,0,0,0
N-ethylphthalimide,C10H9NO2,90.9,imide,0,0,0,0,0,0,0,0,0,0,0,0,2,0,0,0,0,0,0,1,0,0,0,0,4,0,0,0,0,0,0,0,0,0,1,0,2,0,1,0,0,1,0,0,0,0,0,0,0,0
N-methylphthalimide,C9H7NO2,91.1,imide,0,0,0,0,0,0,0,0,0,0,0,0,2,0,0,0,0,0,0,0,0,0,0,0,4,0,0,0,0,0,0,0,0,1,1,0,2,0,0,0,0,1,0,0,0,0,0,0,0,0
Glutarimide,C5H7NO2,94.1,imide,0,0,0,0,0,0,0,0,0,0,0,0,0,0,0,0,2,0,0,0,0,1,0,0,0,0,0,0,0,0,0,2,1,0,0,0,0,0,0,0,0,2,3,0,0,0,meta,0,0,0
N-propylphthalimide,C11H11NO2,98.2,imide,0,0,0,0,0,0,0,0,0,0,0,0,2,0,0,0,0,0,0,1,0,1,0,0,4,0,0,0,0,0,0,0,0,0,1,0,2,0,1,0,0,0,0,0,0,0,0,0,0,0
Phthalimide,C8H5NO2,106.3,imide,0,0,0,0,0,0,0,0,0,0,0,0,2,0,0,0,0,0,0,0,0,0,0,0,4,0,0,0,0,0,0,0,1,0,0,0,2,0,0,0,0,1,0,0,0,0,0,0,0,0
"3,3-tetramethyleneglutaric imide",C9H13NO2,106.8,imide,0,0,0,0,0,0,0,0,0,0,0,0,0,0,0,0,2,0,0,0,0,4,0,0,0,0,0,1,0,0,0,2,1,0,0,0,0,0,0,0,0,2,0,0,0,0,0,0,0,0
N-phenylphthalimide ,C14H9NO2,121.3,imide,0,0,0,0,0,0,0,0,0,0,0,0,2,0,0,0,0,0,0,0,0,0,0,0,9,0,0,0,0,0,0,0,0,0,0,0,2,0,0,1,1,1,0,0,0,0,0,0,0,0
4-nitrophthalimide,C8H4N2O4,122.6,imide,0,0,0,0,0,0,0,0,0,0,0,0,2,0,0,0,0,0,0,0,0,0,0,0,3,0,0,0,0,0,0,0,1,0,0,0,2,1,0,0,0,1,4,0,0,0,para,0,0,0
3-nitrophthalimide,C8H4N2O4,130.5,imide,0,0,0,0,0,0,0,0,0,0,0,0,2,0,0,0,0,0,0,0,0,0,0,0,3,0,0,0,0,0,0,0,1,0,0,0,2,1,0,0,0,1,3,0,0,0,meta,0,0,0
"N,N′ -(1,3-phenylene)bis(phthalimide)",C22H12N2O4,166.4,imide,0,0,0,0,0,0,0,0,0,0,0,0,4,0,0,0,0,0,0,0,0,0,0,0,12,0,0,0,0,0,0,0,0,0,0,0,4,0,0,2,2,1,0,0,0,0,0,0,0,0
